{
  "version": 1,
  "author": "Simon Gaitara",
  "editor": "wokwi",
  "parts": [
    { "type": "wokwi-arduino-uno", "id": "uno", "top": 0, "left": 0, "attrs": {} },
    { "type": "wokwi-dht22", "id": "dht1", "top": 29.1, "left": 321, "attrs": {} },
    { "type": "wokwi-ds1307", "id": "rtc1", "top": 282.6, "left": 316.9, "attrs": {} },
    {
      "type": "wokwi-lcd1602",
      "id": "lcd1",
      "top": -80,
      "left": 485.6,
      "attrs": { "pins": "i2c" }
    }
  ],
  "connections": [
    [ "dht1:VCC", "uno:5V", "red", [ "v19.2", "h96", "v86.4", "h-268.8" ] ],
    [ "dht1:SDA", "uno:2", "green", [ "v28.8", "h-57.5", "v-182.4", "h-48" ] ],
    [ "dht1:GND", "uno:GND.2", "black", [ "v0", "h57.6", "v96", "h-249.6" ] ],
    [ "rtc1:GND", "uno:GND.2", "black", [ "h-153.6", "v-76.8" ] ],
    [ "rtc1:5V", "uno:5V", "red", [ "h0" ] ],
    [ "rtc1:SDA", "uno:A4", "green", [ "h0" ] ],
    [ "rtc1:SCL", "uno:A5", "green", [ "h0" ] ],
    [ "lcd1:GND", "uno:GND.1", "black", [ "h0" ] ],
    [ "lcd1:VCC", "uno:3.3V", "red", [ "h-19.2", "v432.1", "h-307.2" ] ],
    [ "lcd1:SDA", "uno:A4.2", "green", [ "h0" ] ],
    [ "lcd1:SCL", "uno:A5", "green", [ "h-96", "v240.3", "h-124.8" ] ]
  ],
  "dependencies": {}
}